{"name":"To-Do","targetUrl":"https://todo.microsoft.com/login","counter":true,"width":880,"height":630,"minWidth":600,"minHeight":330,"showMenuBar":false,"fastQuit":false,"userAgent":"Mozilla/5.0 (Macintosh; Intel Mac OS X 10_12_5) AppleWebKit/537.36 (KHTML, like Gecko) Chrome/56.0.2924.87 Safari/537.36","nativefierVersion":"7.3.1","ignoreCertificate":false,"insecure":false,"flashPluginDir":null,"fullScreen":false,"maximize":false,"disableContextMenu":true,"zoom":1,"internalUrls":"false","singleInstance":true}